{
  "project_info": {
    "project_number": "538596484143",
    "project_id": "aplicacion-3-3cdf7",
    "storage_bucket": "aplicacion-3-3cdf7.firebasestorage.app"
  },
  "client": [
    {
      "client_info": {
        "mobilesdk_app_id": "1:538596484143:android:4851214245e25904a3d2da",
        "android_client_info": {
          "package_name": "com.example.aplicacion3"
        }
      },
      "oauth_client": [],
      "api_key": [
        {
          "current_key": "AIzaSyDTwVUFgdunRJnscqE6TMmlU4yvtdVJduE"
        }
      ],
      "services": {
        "appinvite_service": {
          "other_platform_oauth_client": []
        }
      }
    }
  ],
  "configuration_version": "1"
}